,claude-3-haiku@20240307,claude-3-sonnet@20240229
0,5.180772304534912,7.06798791885376
1,3.7354469299316406,7.237349271774292
2,3.5828986167907715,6.8955910205841064
3,3.6785824298858643,7.846846342086792
4,3.87654447555542,7.536980152130127
5,4.174312114715576,6.252845525741577
6,3.761965751647949,6.805304288864136
7,3.9241037368774414,7.248512029647827
8,4.381017208099365,6.991428375244141
9,3.942682981491089,6.779547214508057
